B1	Lorem ipsum for B1
B11	Lorem ipsum for B11
B111	Lorem ipsum for B111
B112	Lorem ipsum for B112
B113	Lorem ipsum for B113
B114	Lorem ipsum for B114
B115	Lorem ipsum for B115
B116	Lorem ipsum for B116
B16	Lorem ipsum for B16
B2	Lorem ipsum for B2
B21	Lorem ipsum for B21
B25	Lorem ipsum for B25
B3	Lorem ipsum for B3
B31	Lorem ipsum for B31
B311	Lorem ipsum for B311
B34	Lorem ipsum for B34
B35	Lorem ipsum for B35
B351	Lorem ipsum for B351
B354	Lorem ipsum for B354
B36	Lorem ipsum for B36
B4	Lorem ipsum for B4
B401	Lorem ipsum for B401
B402	Lorem ipsum for B402
B403	Lorem ipsum for B403
B404	Lorem ipsum for B404
B405	Lorem ipsum for B405
B406	Lorem ipsum for B406
B408	Lorem ipsum for B408
B4082	Lorem ipsum for B4082
B410	Lorem ipsum for B410
B411	Lorem ipsum for B411
B5	Lorem ipsum for B5
B53	Lorem ipsum for B53
B6	Lorem ipsum for B6
B64	Lorem ipsum for B64
B65	Lorem ipsum for B65
B7	Lorem ipsum for B7
B74	Lorem ipsum for B74
B8	Lorem ipsum for B8
B81	Lorem ipsum for B81
B813	Lorem ipsum for B813
B8131	Lorem ipsum for B8131
B814	Lorem ipsum for B814
K1	Lorem ipsum for K1
K11	Lorem ipsum for K11
K1101	Lorem ipsum for K1101
K1103	Lorem ipsum for K1103
K1104	Lorem ipsum for K1104
K1107	Lorem ipsum for K1107
K1109	Lorem ipsum for K1109
K1110	Lorem ipsum for K1110
K1113	Lorem ipsum for K1113
K12	Lorem ipsum for K12
K121	Lorem ipsum for K121
K122	Lorem ipsum for K122
K123	Lorem ipsum for K123
K2	Lorem ipsum for K2
K3	Lorem ipsum for K3
K31	Lorem ipsum for K31
K311	Lorem ipsum for K311
K312	Lorem ipsum for K312
K32	Lorem ipsum for K32
K321	Lorem ipsum for K321
K322	Lorem ipsum for K322
K33	Lorem ipsum for K33
K331	Lorem ipsum for K331
K332	Lorem ipsum for K332
K333	Lorem ipsum for K333
K334	Lorem ipsum for K334
K335	Lorem ipsum for K335
K336	Lorem ipsum for K336
K337	Lorem ipsum for K337
K34	Lorem ipsum for K34
K341	Lorem ipsum for K341
K342	Lorem ipsum for K342
K35	Lorem ipsum for K35
K351	Lorem ipsum for K351
K352	Lorem ipsum for K352
K355	Lorem ipsum for K355
K4	Lorem ipsum for K4
K42	Lorem ipsum for K42
K47	Lorem ipsum for K47
K48	Lorem ipsum for K48
K5	Lorem ipsum for K5
K502	Lorem ipsum for K502
K5021	Lorem ipsum for K5021
K512	Lorem ipsum for K512
K513	Lorem ipsum for K513
K6	Lorem ipsum for K6
K62	Lorem ipsum for K62
K63	Lorem ipsum for K63
K64	Lorem ipsum for K64
K67	Lorem ipsum for K67
K7	Lorem ipsum for K7
K71	Lorem ipsum for K71
K73	Lorem ipsum for K73
K74	Lorem ipsum for K74
K8	Lorem ipsum for K8
K85	Lorem ipsum for K85
K9	Lorem ipsum for K9
K91	Lorem ipsum for K91
K914	Lorem ipsum for K914
K915	Lorem ipsum for K915